"customer_key";"customer_id";"store_id";"first_name";"last_name";"email";"address_id";"create_date"
1;1;1;"MARY";"SMITH";"MARY.SMITH@sakilacustomer.org";5;"2006-02-14 22:04:36"
2;2;1;"PATRICIA";"JOHNSON";"PATRICIA.JOHNSON@sakilacustomer.org";6;"2006-02-14 22:04:36"
3;3;1;"LINDA";"WILLIAMS";"LINDA.WILLIAMS@sakilacustomer.org";7;"2006-02-14 22:04:36"
4;4;2;"BARBARA";"JONES";"BARBARA.JONES@sakilacustomer.org";8;"2006-02-14 22:04:36"
5;5;1;"ELIZABETH";"BROWN";"ELIZABETH.BROWN@sakilacustomer.org";9;"2006-02-14 22:04:36"
6;6;2;"JENNIFER";"DAVIS";"JENNIFER.DAVIS@sakilacustomer.org";10;"2006-02-14 22:04:36"
7;7;1;"MARIA";"MILLER";"MARIA.MILLER@sakilacustomer.org";11;"2006-02-14 22:04:36"
8;8;2;"SUSAN";"WILSON";"SUSAN.WILSON@sakilacustomer.org";12;"2006-02-14 22:04:36"
9;9;2;"MARGARET";"MOORE";"MARGARET.MOORE@sakilacustomer.org";13;"2006-02-14 22:04:36"
10;10;1;"DOROTHY";"TAYLOR";"DOROTHY.TAYLOR@sakilacustomer.org";14;"2006-02-14 22:04:36"
11;11;2;"LISA";"ANDERSON";"LISA.ANDERSON@sakilacustomer.org";15;"2006-02-14 22:04:36"
12;12;1;"NANCY";"THOMAS";"NANCY.THOMAS@sakilacustomer.org";16;"2006-02-14 22:04:36"
13;13;2;"KAREN";"JACKSON";"KAREN.JACKSON@sakilacustomer.org";17;"2006-02-14 22:04:36"
14;14;2;"BETTY";"WHITE";"BETTY.WHITE@sakilacustomer.org";18;"2006-02-14 22:04:36"
15;15;1;"HELEN";"HARRIS";"HELEN.HARRIS@sakilacustomer.org";19;"2006-02-14 22:04:36"
16;16;2;"SANDRA";"MARTIN";"SANDRA.MARTIN@sakilacustomer.org";20;"2006-02-14 22:04:36"
17;17;1;"DONNA";"THOMPSON";"DONNA.THOMPSON@sakilacustomer.org";21;"2006-02-14 22:04:36"
18;18;2;"CAROL";"GARCIA";"CAROL.GARCIA@sakilacustomer.org";22;"2006-02-14 22:04:36"
19;19;1;"RUTH";"MARTINEZ";"RUTH.MARTINEZ@sakilacustomer.org";23;"2006-02-14 22:04:36"
20;20;2;"SHARON";"ROBINSON";"SHARON.ROBINSON@sakilacustomer.org";24;"2006-02-14 22:04:36"
21;21;1;"MICHELLE";"CLARK";"MICHELLE.CLARK@sakilacustomer.org";25;"2006-02-14 22:04:36"
22;22;1;"LAURA";"RODRIGUEZ";"LAURA.RODRIGUEZ@sakilacustomer.org";26;"2006-02-14 22:04:36"
23;23;2;"SARAH";"LEWIS";"SARAH.LEWIS@sakilacustomer.org";27;"2006-02-14 22:04:36"
24;24;2;"KIMBERLY";"LEE";"KIMBERLY.LEE@sakilacustomer.org";28;"2006-02-14 22:04:36"
25;25;1;"DEBORAH";"WALKER";"DEBORAH.WALKER@sakilacustomer.org";29;"2006-02-14 22:04:36"
26;26;2;"JESSICA";"HALL";"JESSICA.HALL@sakilacustomer.org";30;"2006-02-14 22:04:36"
27;27;2;"SHIRLEY";"ALLEN";"SHIRLEY.ALLEN@sakilacustomer.org";31;"2006-02-14 22:04:36"
28;28;1;"CYNTHIA";"YOUNG";"CYNTHIA.YOUNG@sakilacustomer.org";32;"2006-02-14 22:04:36"
29;29;2;"ANGELA";"HERNANDEZ";"ANGELA.HERNANDEZ@sakilacustomer.org";33;"2006-02-14 22:04:36"
30;30;1;"MELISSA";"KING";"MELISSA.KING@sakilacustomer.org";34;"2006-02-14 22:04:36"
31;31;2;"BRENDA";"WRIGHT";"BRENDA.WRIGHT@sakilacustomer.org";35;"2006-02-14 22:04:36"
32;32;1;"AMY";"LOPEZ";"AMY.LOPEZ@sakilacustomer.org";36;"2006-02-14 22:04:36"
33;33;2;"ANNA";"HILL";"ANNA.HILL@sakilacustomer.org";37;"2006-02-14 22:04:36"
34;34;2;"REBECCA";"SCOTT";"REBECCA.SCOTT@sakilacustomer.org";38;"2006-02-14 22:04:36"
35;35;2;"VIRGINIA";"GREEN";"VIRGINIA.GREEN@sakilacustomer.org";39;"2006-02-14 22:04:36"
36;36;2;"KATHLEEN";"ADAMS";"KATHLEEN.ADAMS@sakilacustomer.org";40;"2006-02-14 22:04:36"
37;37;1;"PAMELA";"BAKER";"PAMELA.BAKER@sakilacustomer.org";41;"2006-02-14 22:04:36"
38;38;1;"MARTHA";"GONZALEZ";"MARTHA.GONZALEZ@sakilacustomer.org";42;"2006-02-14 22:04:36"
39;39;1;"DEBRA";"NELSON";"DEBRA.NELSON@sakilacustomer.org";43;"2006-02-14 22:04:36"
40;40;2;"AMANDA";"CARTER";"AMANDA.CARTER@sakilacustomer.org";44;"2006-02-14 22:04:36"
41;41;1;"STEPHANIE";"MITCHELL";"STEPHANIE.MITCHELL@sakilacustomer.org";45;"2006-02-14 22:04:36"
42;42;2;"CAROLYN";"PEREZ";"CAROLYN.PEREZ@sakilacustomer.org";46;"2006-02-14 22:04:36"
43;43;2;"CHRISTINE";"ROBERTS";"CHRISTINE.ROBERTS@sakilacustomer.org";47;"2006-02-14 22:04:36"
44;44;1;"MARIE";"TURNER";"MARIE.TURNER@sakilacustomer.org";48;"2006-02-14 22:04:36"
45;45;1;"JANET";"PHILLIPS";"JANET.PHILLIPS@sakilacustomer.org";49;"2006-02-14 22:04:36"
46;46;2;"CATHERINE";"CAMPBELL";"CATHERINE.CAMPBELL@sakilacustomer.org";50;"2006-02-14 22:04:36"
47;47;1;"FRANCES";"PARKER";"FRANCES.PARKER@sakilacustomer.org";51;"2006-02-14 22:04:36"
48;48;1;"ANN";"EVANS";"ANN.EVANS@sakilacustomer.org";52;"2006-02-14 22:04:36"
49;49;2;"JOYCE";"EDWARDS";"JOYCE.EDWARDS@sakilacustomer.org";53;"2006-02-14 22:04:36"
50;50;1;"DIANE";"COLLINS";"DIANE.COLLINS@sakilacustomer.org";54;"2006-02-14 22:04:36"
51;51;1;"ALICE";"STEWART";"ALICE.STEWART@sakilacustomer.org";55;"2006-02-14 22:04:36"
52;52;1;"JULIE";"SANCHEZ";"JULIE.SANCHEZ@sakilacustomer.org";56;"2006-02-14 22:04:36"
53;53;1;"HEATHER";"MORRIS";"HEATHER.MORRIS@sakilacustomer.org";57;"2006-02-14 22:04:36"
54;54;1;"TERESA";"ROGERS";"TERESA.ROGERS@sakilacustomer.org";58;"2006-02-14 22:04:36"
55;55;2;"DORIS";"REED";"DORIS.REED@sakilacustomer.org";59;"2006-02-14 22:04:36"
56;56;1;"GLORIA";"COOK";"GLORIA.COOK@sakilacustomer.org";60;"2006-02-14 22:04:36"
57;57;2;"EVELYN";"MORGAN";"EVELYN.MORGAN@sakilacustomer.org";61;"2006-02-14 22:04:36"
58;58;1;"JEAN";"BELL";"JEAN.BELL@sakilacustomer.org";62;"2006-02-14 22:04:36"
59;59;1;"CHERYL";"MURPHY";"CHERYL.MURPHY@sakilacustomer.org";63;"2006-02-14 22:04:36"
60;60;1;"MILDRED";"BAILEY";"MILDRED.BAILEY@sakilacustomer.org";64;"2006-02-14 22:04:36"
61;61;2;"KATHERINE";"RIVERA";"KATHERINE.RIVERA@sakilacustomer.org";65;"2006-02-14 22:04:36"
62;62;1;"JOAN";"COOPER";"JOAN.COOPER@sakilacustomer.org";66;"2006-02-14 22:04:36"
63;63;1;"ASHLEY";"RICHARDSON";"ASHLEY.RICHARDSON@sakilacustomer.org";67;"2006-02-14 22:04:36"
64;64;2;"JUDITH";"COX";"JUDITH.COX@sakilacustomer.org";68;"2006-02-14 22:04:36"
65;65;2;"ROSE";"HOWARD";"ROSE.HOWARD@sakilacustomer.org";69;"2006-02-14 22:04:36"
66;66;2;"JANICE";"WARD";"JANICE.WARD@sakilacustomer.org";70;"2006-02-14 22:04:36"
67;67;1;"KELLY";"TORRES";"KELLY.TORRES@sakilacustomer.org";71;"2006-02-14 22:04:36"
68;68;1;"NICOLE";"PETERSON";"NICOLE.PETERSON@sakilacustomer.org";72;"2006-02-14 22:04:36"
69;69;2;"JUDY";"GRAY";"JUDY.GRAY@sakilacustomer.org";73;"2006-02-14 22:04:36"
70;70;2;"CHRISTINA";"RAMIREZ";"CHRISTINA.RAMIREZ@sakilacustomer.org";74;"2006-02-14 22:04:36"
71;71;1;"KATHY";"JAMES";"KATHY.JAMES@sakilacustomer.org";75;"2006-02-14 22:04:36"
72;72;2;"THERESA";"WATSON";"THERESA.WATSON@sakilacustomer.org";76;"2006-02-14 22:04:36"
73;73;2;"BEVERLY";"BROOKS";"BEVERLY.BROOKS@sakilacustomer.org";77;"2006-02-14 22:04:36"
74;74;1;"DENISE";"KELLY";"DENISE.KELLY@sakilacustomer.org";78;"2006-02-14 22:04:36"
75;75;2;"TAMMY";"SANDERS";"TAMMY.SANDERS@sakilacustomer.org";79;"2006-02-14 22:04:36"
76;76;2;"IRENE";"PRICE";"IRENE.PRICE@sakilacustomer.org";80;"2006-02-14 22:04:36"
77;77;2;"JANE";"BENNETT";"JANE.BENNETT@sakilacustomer.org";81;"2006-02-14 22:04:36"
78;78;1;"LORI";"WOOD";"LORI.WOOD@sakilacustomer.org";82;"2006-02-14 22:04:36"
79;79;1;"RACHEL";"BARNES";"RACHEL.BARNES@sakilacustomer.org";83;"2006-02-14 22:04:36"
80;80;1;"MARILYN";"ROSS";"MARILYN.ROSS@sakilacustomer.org";84;"2006-02-14 22:04:36"
81;81;1;"ANDREA";"HENDERSON";"ANDREA.HENDERSON@sakilacustomer.org";85;"2006-02-14 22:04:36"
82;82;1;"KATHRYN";"COLEMAN";"KATHRYN.COLEMAN@sakilacustomer.org";86;"2006-02-14 22:04:36"
83;83;1;"LOUISE";"JENKINS";"LOUISE.JENKINS@sakilacustomer.org";87;"2006-02-14 22:04:36"
84;84;2;"SARA";"PERRY";"SARA.PERRY@sakilacustomer.org";88;"2006-02-14 22:04:36"
85;85;2;"ANNE";"POWELL";"ANNE.POWELL@sakilacustomer.org";89;"2006-02-14 22:04:36"
86;86;2;"JACQUELINE";"LONG";"JACQUELINE.LONG@sakilacustomer.org";90;"2006-02-14 22:04:36"
87;87;1;"WANDA";"PATTERSON";"WANDA.PATTERSON@sakilacustomer.org";91;"2006-02-14 22:04:36"
88;88;2;"BONNIE";"HUGHES";"BONNIE.HUGHES@sakilacustomer.org";92;"2006-02-14 22:04:36"
89;89;1;"JULIA";"FLORES";"JULIA.FLORES@sakilacustomer.org";93;"2006-02-14 22:04:36"
90;90;2;"RUBY";"WASHINGTON";"RUBY.WASHINGTON@sakilacustomer.org";94;"2006-02-14 22:04:36"
91;91;2;"LOIS";"BUTLER";"LOIS.BUTLER@sakilacustomer.org";95;"2006-02-14 22:04:36"
92;92;2;"TINA";"SIMMONS";"TINA.SIMMONS@sakilacustomer.org";96;"2006-02-14 22:04:36"
93;93;1;"PHYLLIS";"FOSTER";"PHYLLIS.FOSTER@sakilacustomer.org";97;"2006-02-14 22:04:36"
94;94;1;"NORMA";"GONZALES";"NORMA.GONZALES@sakilacustomer.org";98;"2006-02-14 22:04:36"
95;95;2;"PAULA";"BRYANT";"PAULA.BRYANT@sakilacustomer.org";99;"2006-02-14 22:04:36"
96;96;1;"DIANA";"ALEXANDER";"DIANA.ALEXANDER@sakilacustomer.org";100;"2006-02-14 22:04:36"
97;97;2;"ANNIE";"RUSSELL";"ANNIE.RUSSELL@sakilacustomer.org";101;"2006-02-14 22:04:36"
98;98;1;"LILLIAN";"GRIFFIN";"LILLIAN.GRIFFIN@sakilacustomer.org";102;"2006-02-14 22:04:36"
99;99;2;"EMILY";"DIAZ";"EMILY.DIAZ@sakilacustomer.org";103;"2006-02-14 22:04:36"
100;100;1;"ROBIN";"HAYES";"ROBIN.HAYES@sakilacustomer.org";104;"2006-02-14 22:04:36"
101;101;1;"PEGGY";"MYERS";"PEGGY.MYERS@sakilacustomer.org";105;"2006-02-14 22:04:36"
102;102;1;"CRYSTAL";"FORD";"CRYSTAL.FORD@sakilacustomer.org";106;"2006-02-14 22:04:36"
103;103;1;"GLADYS";"HAMILTON";"GLADYS.HAMILTON@sakilacustomer.org";107;"2006-02-14 22:04:36"
104;104;1;"RITA";"GRAHAM";"RITA.GRAHAM@sakilacustomer.org";108;"2006-02-14 22:04:36"
105;105;1;"DAWN";"SULLIVAN";"DAWN.SULLIVAN@sakilacustomer.org";109;"2006-02-14 22:04:36"
106;106;1;"CONNIE";"WALLACE";"CONNIE.WALLACE@sakilacustomer.org";110;"2006-02-14 22:04:36"
107;107;1;"FLORENCE";"WOODS";"FLORENCE.WOODS@sakilacustomer.org";111;"2006-02-14 22:04:36"
108;108;1;"TRACY";"COLE";"TRACY.COLE@sakilacustomer.org";112;"2006-02-14 22:04:36"
109;109;2;"EDNA";"WEST";"EDNA.WEST@sakilacustomer.org";113;"2006-02-14 22:04:36"
110;110;2;"TIFFANY";"JORDAN";"TIFFANY.JORDAN@sakilacustomer.org";114;"2006-02-14 22:04:36"
111;111;1;"CARMEN";"OWENS";"CARMEN.OWENS@sakilacustomer.org";115;"2006-02-14 22:04:36"
112;112;2;"ROSA";"REYNOLDS";"ROSA.REYNOLDS@sakilacustomer.org";116;"2006-02-14 22:04:36"
113;113;2;"CINDY";"FISHER";"CINDY.FISHER@sakilacustomer.org";117;"2006-02-14 22:04:36"
114;114;2;"GRACE";"ELLIS";"GRACE.ELLIS@sakilacustomer.org";118;"2006-02-14 22:04:36"
115;115;1;"WENDY";"HARRISON";"WENDY.HARRISON@sakilacustomer.org";119;"2006-02-14 22:04:36"
116;116;1;"VICTORIA";"GIBSON";"VICTORIA.GIBSON@sakilacustomer.org";120;"2006-02-14 22:04:36"
117;117;1;"EDITH";"MCDONALD";"EDITH.MCDONALD@sakilacustomer.org";121;"2006-02-14 22:04:36"
118;118;1;"KIM";"CRUZ";"KIM.CRUZ@sakilacustomer.org";122;"2006-02-14 22:04:36"
119;119;1;"SHERRY";"MARSHALL";"SHERRY.MARSHALL@sakilacustomer.org";123;"2006-02-14 22:04:36"
120;120;2;"SYLVIA";"ORTIZ";"SYLVIA.ORTIZ@sakilacustomer.org";124;"2006-02-14 22:04:36"
121;121;1;"JOSEPHINE";"GOMEZ";"JOSEPHINE.GOMEZ@sakilacustomer.org";125;"2006-02-14 22:04:36"
122;122;1;"THELMA";"MURRAY";"THELMA.MURRAY@sakilacustomer.org";126;"2006-02-14 22:04:36"
123;123;2;"SHANNON";"FREEMAN";"SHANNON.FREEMAN@sakilacustomer.org";127;"2006-02-14 22:04:36"
124;124;1;"SHEILA";"WELLS";"SHEILA.WELLS@sakilacustomer.org";128;"2006-02-14 22:04:36"
125;125;1;"ETHEL";"WEBB";"ETHEL.WEBB@sakilacustomer.org";129;"2006-02-14 22:04:36"
126;126;1;"ELLEN";"SIMPSON";"ELLEN.SIMPSON@sakilacustomer.org";130;"2006-02-14 22:04:36"
127;127;2;"ELAINE";"STEVENS";"ELAINE.STEVENS@sakilacustomer.org";131;"2006-02-14 22:04:36"
128;128;1;"MARJORIE";"TUCKER";"MARJORIE.TUCKER@sakilacustomer.org";132;"2006-02-14 22:04:36"
129;129;1;"CARRIE";"PORTER";"CARRIE.PORTER@sakilacustomer.org";133;"2006-02-14 22:04:36"
130;130;1;"CHARLOTTE";"HUNTER";"CHARLOTTE.HUNTER@sakilacustomer.org";134;"2006-02-14 22:04:36"
131;131;2;"MONICA";"HICKS";"MONICA.HICKS@sakilacustomer.org";135;"2006-02-14 22:04:36"
132;132;2;"ESTHER";"CRAWFORD";"ESTHER.CRAWFORD@sakilacustomer.org";136;"2006-02-14 22:04:36"
133;133;1;"PAULINE";"HENRY";"PAULINE.HENRY@sakilacustomer.org";137;"2006-02-14 22:04:36"
134;134;1;"EMMA";"BOYD";"EMMA.BOYD@sakilacustomer.org";138;"2006-02-14 22:04:36"
135;135;2;"JUANITA";"MASON";"JUANITA.MASON@sakilacustomer.org";139;"2006-02-14 22:04:36"
136;136;2;"ANITA";"MORALES";"ANITA.MORALES@sakilacustomer.org";140;"2006-02-14 22:04:36"
137;137;2;"RHONDA";"KENNEDY";"RHONDA.KENNEDY@sakilacustomer.org";141;"2006-02-14 22:04:36"
138;138;1;"HAZEL";"WARREN";"HAZEL.WARREN@sakilacustomer.org";142;"2006-02-14 22:04:36"
139;139;1;"AMBER";"DIXON";"AMBER.DIXON@sakilacustomer.org";143;"2006-02-14 22:04:36"
140;140;1;"EVA";"RAMOS";"EVA.RAMOS@sakilacustomer.org";144;"2006-02-14 22:04:36"
141;141;1;"DEBBIE";"REYES";"DEBBIE.REYES@sakilacustomer.org";145;"2006-02-14 22:04:36"
142;142;1;"APRIL";"BURNS";"APRIL.BURNS@sakilacustomer.org";146;"2006-02-14 22:04:36"
143;143;1;"LESLIE";"GORDON";"LESLIE.GORDON@sakilacustomer.org";147;"2006-02-14 22:04:36"
144;144;1;"CLARA";"SHAW";"CLARA.SHAW@sakilacustomer.org";148;"2006-02-14 22:04:36"
145;145;1;"LUCILLE";"HOLMES";"LUCILLE.HOLMES@sakilacustomer.org";149;"2006-02-14 22:04:36"
146;146;1;"JAMIE";"RICE";"JAMIE.RICE@sakilacustomer.org";150;"2006-02-14 22:04:36"
147;147;2;"JOANNE";"ROBERTSON";"JOANNE.ROBERTSON@sakilacustomer.org";151;"2006-02-14 22:04:36"
148;148;1;"ELEANOR";"HUNT";"ELEANOR.HUNT@sakilacustomer.org";152;"2006-02-14 22:04:36"
149;149;1;"VALERIE";"BLACK";"VALERIE.BLACK@sakilacustomer.org";153;"2006-02-14 22:04:36"
150;150;2;"DANIELLE";"DANIELS";"DANIELLE.DANIELS@sakilacustomer.org";154;"2006-02-14 22:04:36"
151;151;2;"MEGAN";"PALMER";"MEGAN.PALMER@sakilacustomer.org";155;"2006-02-14 22:04:36"
152;152;1;"ALICIA";"MILLS";"ALICIA.MILLS@sakilacustomer.org";156;"2006-02-14 22:04:36"
153;153;2;"SUZANNE";"NICHOLS";"SUZANNE.NICHOLS@sakilacustomer.org";157;"2006-02-14 22:04:36"
154;154;2;"MICHELE";"GRANT";"MICHELE.GRANT@sakilacustomer.org";158;"2006-02-14 22:04:36"
155;155;1;"GAIL";"KNIGHT";"GAIL.KNIGHT@sakilacustomer.org";159;"2006-02-14 22:04:36"
156;156;1;"BERTHA";"FERGUSON";"BERTHA.FERGUSON@sakilacustomer.org";160;"2006-02-14 22:04:36"
157;157;2;"DARLENE";"ROSE";"DARLENE.ROSE@sakilacustomer.org";161;"2006-02-14 22:04:36"
158;158;1;"VERONICA";"STONE";"VERONICA.STONE@sakilacustomer.org";162;"2006-02-14 22:04:36"
159;159;1;"JILL";"HAWKINS";"JILL.HAWKINS@sakilacustomer.org";163;"2006-02-14 22:04:36"
160;160;2;"ERIN";"DUNN";"ERIN.DUNN@sakilacustomer.org";164;"2006-02-14 22:04:36"
161;161;1;"GERALDINE";"PERKINS";"GERALDINE.PERKINS@sakilacustomer.org";165;"2006-02-14 22:04:36"
162;162;2;"LAUREN";"HUDSON";"LAUREN.HUDSON@sakilacustomer.org";166;"2006-02-14 22:04:36"
163;163;1;"CATHY";"SPENCER";"CATHY.SPENCER@sakilacustomer.org";167;"2006-02-14 22:04:36"
164;164;2;"JOANN";"GARDNER";"JOANN.GARDNER@sakilacustomer.org";168;"2006-02-14 22:04:36"
165;165;2;"LORRAINE";"STEPHENS";"LORRAINE.STEPHENS@sakilacustomer.org";169;"2006-02-14 22:04:36"
166;166;1;"LYNN";"PAYNE";"LYNN.PAYNE@sakilacustomer.org";170;"2006-02-14 22:04:36"
167;167;2;"SALLY";"PIERCE";"SALLY.PIERCE@sakilacustomer.org";171;"2006-02-14 22:04:36"
168;168;1;"REGINA";"BERRY";"REGINA.BERRY@sakilacustomer.org";172;"2006-02-14 22:04:36"
169;169;2;"ERICA";"MATTHEWS";"ERICA.MATTHEWS@sakilacustomer.org";173;"2006-02-14 22:04:36"
170;170;1;"BEATRICE";"ARNOLD";"BEATRICE.ARNOLD@sakilacustomer.org";174;"2006-02-14 22:04:36"
171;171;2;"DOLORES";"WAGNER";"DOLORES.WAGNER@sakilacustomer.org";175;"2006-02-14 22:04:36"
172;172;1;"BERNICE";"WILLIS";"BERNICE.WILLIS@sakilacustomer.org";176;"2006-02-14 22:04:36"
173;173;1;"AUDREY";"RAY";"AUDREY.RAY@sakilacustomer.org";177;"2006-02-14 22:04:36"
174;174;2;"YVONNE";"WATKINS";"YVONNE.WATKINS@sakilacustomer.org";178;"2006-02-14 22:04:36"
175;175;1;"ANNETTE";"OLSON";"ANNETTE.OLSON@sakilacustomer.org";179;"2006-02-14 22:04:36"
176;176;1;"JUNE";"CARROLL";"JUNE.CARROLL@sakilacustomer.org";180;"2006-02-14 22:04:36"
177;177;2;"SAMANTHA";"DUNCAN";"SAMANTHA.DUNCAN@sakilacustomer.org";181;"2006-02-14 22:04:36"
178;178;2;"MARION";"SNYDER";"MARION.SNYDER@sakilacustomer.org";182;"2006-02-14 22:04:36"
179;179;1;"DANA";"HART";"DANA.HART@sakilacustomer.org";183;"2006-02-14 22:04:36"
180;180;2;"STACY";"CUNNINGHAM";"STACY.CUNNINGHAM@sakilacustomer.org";184;"2006-02-14 22:04:36"
181;181;2;"ANA";"BRADLEY";"ANA.BRADLEY@sakilacustomer.org";185;"2006-02-14 22:04:36"
182;182;1;"RENEE";"LANE";"RENEE.LANE@sakilacustomer.org";186;"2006-02-14 22:04:36"
183;183;2;"IDA";"ANDREWS";"IDA.ANDREWS@sakilacustomer.org";187;"2006-02-14 22:04:36"
184;184;1;"VIVIAN";"RUIZ";"VIVIAN.RUIZ@sakilacustomer.org";188;"2006-02-14 22:04:36"
185;185;1;"ROBERTA";"HARPER";"ROBERTA.HARPER@sakilacustomer.org";189;"2006-02-14 22:04:36"
186;186;2;"HOLLY";"FOX";"HOLLY.FOX@sakilacustomer.org";190;"2006-02-14 22:04:36"
187;187;2;"BRITTANY";"RILEY";"BRITTANY.RILEY@sakilacustomer.org";191;"2006-02-14 22:04:36"
188;188;1;"MELANIE";"ARMSTRONG";"MELANIE.ARMSTRONG@sakilacustomer.org";192;"2006-02-14 22:04:36"
189;189;1;"LORETTA";"CARPENTER";"LORETTA.CARPENTER@sakilacustomer.org";193;"2006-02-14 22:04:36"
190;190;2;"YOLANDA";"WEAVER";"YOLANDA.WEAVER@sakilacustomer.org";194;"2006-02-14 22:04:36"
191;191;1;"JEANETTE";"GREENE";"JEANETTE.GREENE@sakilacustomer.org";195;"2006-02-14 22:04:36"
192;192;1;"LAURIE";"LAWRENCE";"LAURIE.LAWRENCE@sakilacustomer.org";196;"2006-02-14 22:04:36"
193;193;2;"KATIE";"ELLIOTT";"KATIE.ELLIOTT@sakilacustomer.org";197;"2006-02-14 22:04:36"
194;194;2;"KRISTEN";"CHAVEZ";"KRISTEN.CHAVEZ@sakilacustomer.org";198;"2006-02-14 22:04:36"
195;195;1;"VANESSA";"SIMS";"VANESSA.SIMS@sakilacustomer.org";199;"2006-02-14 22:04:36"
196;196;1;"ALMA";"AUSTIN";"ALMA.AUSTIN@sakilacustomer.org";200;"2006-02-14 22:04:36"
197;197;2;"SUE";"PETERS";"SUE.PETERS@sakilacustomer.org";201;"2006-02-14 22:04:36"
198;198;2;"ELSIE";"KELLEY";"ELSIE.KELLEY@sakilacustomer.org";202;"2006-02-14 22:04:36"
199;199;2;"BETH";"FRANKLIN";"BETH.FRANKLIN@sakilacustomer.org";203;"2006-02-14 22:04:36"
200;200;2;"JEANNE";"LAWSON";"JEANNE.LAWSON@sakilacustomer.org";204;"2006-02-14 22:04:36"
201;201;1;"VICKI";"FIELDS";"VICKI.FIELDS@sakilacustomer.org";205;"2006-02-14 22:04:36"
202;202;2;"CARLA";"GUTIERREZ";"CARLA.GUTIERREZ@sakilacustomer.org";206;"2006-02-14 22:04:36"
203;203;1;"TARA";"RYAN";"TARA.RYAN@sakilacustomer.org";207;"2006-02-14 22:04:36"
204;204;1;"ROSEMARY";"SCHMIDT";"ROSEMARY.SCHMIDT@sakilacustomer.org";208;"2006-02-14 22:04:36"
205;205;2;"EILEEN";"CARR";"EILEEN.CARR@sakilacustomer.org";209;"2006-02-14 22:04:36"
206;206;1;"TERRI";"VASQUEZ";"TERRI.VASQUEZ@sakilacustomer.org";210;"2006-02-14 22:04:36"
207;207;1;"GERTRUDE";"CASTILLO";"GERTRUDE.CASTILLO@sakilacustomer.org";211;"2006-02-14 22:04:36"
208;208;1;"LUCY";"WHEELER";"LUCY.WHEELER@sakilacustomer.org";212;"2006-02-14 22:04:36"
209;209;2;"TONYA";"CHAPMAN";"TONYA.CHAPMAN@sakilacustomer.org";213;"2006-02-14 22:04:36"
210;210;2;"ELLA";"OLIVER";"ELLA.OLIVER@sakilacustomer.org";214;"2006-02-14 22:04:36"
211;211;1;"STACEY";"MONTGOMERY";"STACEY.MONTGOMERY@sakilacustomer.org";215;"2006-02-14 22:04:36"
212;212;2;"WILMA";"RICHARDS";"WILMA.RICHARDS@sakilacustomer.org";216;"2006-02-14 22:04:36"
213;213;1;"GINA";"WILLIAMSON";"GINA.WILLIAMSON@sakilacustomer.org";217;"2006-02-14 22:04:36"
214;214;1;"KRISTIN";"JOHNSTON";"KRISTIN.JOHNSTON@sakilacustomer.org";218;"2006-02-14 22:04:36"
215;215;2;"JESSIE";"BANKS";"JESSIE.BANKS@sakilacustomer.org";219;"2006-02-14 22:04:36"
216;216;1;"NATALIE";"MEYER";"NATALIE.MEYER@sakilacustomer.org";220;"2006-02-14 22:04:36"
217;217;2;"AGNES";"BISHOP";"AGNES.BISHOP@sakilacustomer.org";221;"2006-02-14 22:04:36"
218;218;1;"VERA";"MCCOY";"VERA.MCCOY@sakilacustomer.org";222;"2006-02-14 22:04:36"
219;219;2;"WILLIE";"HOWELL";"WILLIE.HOWELL@sakilacustomer.org";223;"2006-02-14 22:04:36"
220;220;2;"CHARLENE";"ALVAREZ";"CHARLENE.ALVAREZ@sakilacustomer.org";224;"2006-02-14 22:04:36"
221;221;1;"BESSIE";"MORRISON";"BESSIE.MORRISON@sakilacustomer.org";225;"2006-02-14 22:04:36"
222;222;2;"DELORES";"HANSEN";"DELORES.HANSEN@sakilacustomer.org";226;"2006-02-14 22:04:36"
223;223;1;"MELINDA";"FERNANDEZ";"MELINDA.FERNANDEZ@sakilacustomer.org";227;"2006-02-14 22:04:36"
224;224;2;"PEARL";"GARZA";"PEARL.GARZA@sakilacustomer.org";228;"2006-02-14 22:04:36"
225;225;1;"ARLENE";"HARVEY";"ARLENE.HARVEY@sakilacustomer.org";229;"2006-02-14 22:04:36"
226;226;2;"MAUREEN";"LITTLE";"MAUREEN.LITTLE@sakilacustomer.org";230;"2006-02-14 22:04:36"
227;227;1;"COLLEEN";"BURTON";"COLLEEN.BURTON@sakilacustomer.org";231;"2006-02-14 22:04:36"
228;228;2;"ALLISON";"STANLEY";"ALLISON.STANLEY@sakilacustomer.org";232;"2006-02-14 22:04:36"
229;229;1;"TAMARA";"NGUYEN";"TAMARA.NGUYEN@sakilacustomer.org";233;"2006-02-14 22:04:36"
230;230;2;"JOY";"GEORGE";"JOY.GEORGE@sakilacustomer.org";234;"2006-02-14 22:04:36"
231;231;1;"GEORGIA";"JACOBS";"GEORGIA.JACOBS@sakilacustomer.org";235;"2006-02-14 22:04:36"
232;232;2;"CONSTANCE";"REID";"CONSTANCE.REID@sakilacustomer.org";236;"2006-02-14 22:04:36"
233;233;2;"LILLIE";"KIM";"LILLIE.KIM@sakilacustomer.org";237;"2006-02-14 22:04:36"
234;234;1;"CLAUDIA";"FULLER";"CLAUDIA.FULLER@sakilacustomer.org";238;"2006-02-14 22:04:36"
235;235;1;"JACKIE";"LYNCH";"JACKIE.LYNCH@sakilacustomer.org";239;"2006-02-14 22:04:36"
236;236;1;"MARCIA";"DEAN";"MARCIA.DEAN@sakilacustomer.org";240;"2006-02-14 22:04:36"
237;237;1;"TANYA";"GILBERT";"TANYA.GILBERT@sakilacustomer.org";241;"2006-02-14 22:04:36"
238;238;1;"NELLIE";"GARRETT";"NELLIE.GARRETT@sakilacustomer.org";242;"2006-02-14 22:04:36"
239;239;2;"MINNIE";"ROMERO";"MINNIE.ROMERO@sakilacustomer.org";243;"2006-02-14 22:04:36"
240;240;1;"MARLENE";"WELCH";"MARLENE.WELCH@sakilacustomer.org";244;"2006-02-14 22:04:36"
241;241;2;"HEIDI";"LARSON";"HEIDI.LARSON@sakilacustomer.org";245;"2006-02-14 22:04:36"
242;242;1;"GLENDA";"FRAZIER";"GLENDA.FRAZIER@sakilacustomer.org";246;"2006-02-14 22:04:36"
243;243;1;"LYDIA";"BURKE";"LYDIA.BURKE@sakilacustomer.org";247;"2006-02-14 22:04:36"
244;244;2;"VIOLA";"HANSON";"VIOLA.HANSON@sakilacustomer.org";248;"2006-02-14 22:04:36"
245;245;1;"COURTNEY";"DAY";"COURTNEY.DAY@sakilacustomer.org";249;"2006-02-14 22:04:36"
246;246;1;"MARIAN";"MENDOZA";"MARIAN.MENDOZA@sakilacustomer.org";250;"2006-02-14 22:04:36"
247;247;1;"STELLA";"MORENO";"STELLA.MORENO@sakilacustomer.org";251;"2006-02-14 22:04:36"
248;248;1;"CAROLINE";"BOWMAN";"CAROLINE.BOWMAN@sakilacustomer.org";252;"2006-02-14 22:04:36"
249;249;2;"DORA";"MEDINA";"DORA.MEDINA@sakilacustomer.org";253;"2006-02-14 22:04:36"
250;250;2;"JO";"FOWLER";"JO.FOWLER@sakilacustomer.org";254;"2006-02-14 22:04:36"
251;251;2;"VICKIE";"BREWER";"VICKIE.BREWER@sakilacustomer.org";255;"2006-02-14 22:04:36"
252;252;2;"MATTIE";"HOFFMAN";"MATTIE.HOFFMAN@sakilacustomer.org";256;"2006-02-14 22:04:36"
253;253;1;"TERRY";"CARLSON";"TERRY.CARLSON@sakilacustomer.org";258;"2006-02-14 22:04:36"
254;254;2;"MAXINE";"SILVA";"MAXINE.SILVA@sakilacustomer.org";259;"2006-02-14 22:04:36"
255;255;2;"IRMA";"PEARSON";"IRMA.PEARSON@sakilacustomer.org";260;"2006-02-14 22:04:36"
256;256;2;"MABEL";"HOLLAND";"MABEL.HOLLAND@sakilacustomer.org";261;"2006-02-14 22:04:36"
257;257;2;"MARSHA";"DOUGLAS";"MARSHA.DOUGLAS@sakilacustomer.org";262;"2006-02-14 22:04:36"
258;258;1;"MYRTLE";"FLEMING";"MYRTLE.FLEMING@sakilacustomer.org";263;"2006-02-14 22:04:36"
259;259;2;"LENA";"JENSEN";"LENA.JENSEN@sakilacustomer.org";264;"2006-02-14 22:04:36"
260;260;1;"CHRISTY";"VARGAS";"CHRISTY.VARGAS@sakilacustomer.org";265;"2006-02-14 22:04:36"
261;261;1;"DEANNA";"BYRD";"DEANNA.BYRD@sakilacustomer.org";266;"2006-02-14 22:04:36"
262;262;2;"PATSY";"DAVIDSON";"PATSY.DAVIDSON@sakilacustomer.org";267;"2006-02-14 22:04:36"
263;263;1;"HILDA";"HOPKINS";"HILDA.HOPKINS@sakilacustomer.org";268;"2006-02-14 22:04:36"
264;264;1;"GWENDOLYN";"MAY";"GWENDOLYN.MAY@sakilacustomer.org";269;"2006-02-14 22:04:36"
265;265;2;"JENNIE";"TERRY";"JENNIE.TERRY@sakilacustomer.org";270;"2006-02-14 22:04:36"
266;266;2;"NORA";"HERRERA";"NORA.HERRERA@sakilacustomer.org";271;"2006-02-14 22:04:36"
267;267;1;"MARGIE";"WADE";"MARGIE.WADE@sakilacustomer.org";272;"2006-02-14 22:04:36"
268;268;1;"NINA";"SOTO";"NINA.SOTO@sakilacustomer.org";273;"2006-02-14 22:04:36"
269;269;1;"CASSANDRA";"WALTERS";"CASSANDRA.WALTERS@sakilacustomer.org";274;"2006-02-14 22:04:36"
270;270;1;"LEAH";"CURTIS";"LEAH.CURTIS@sakilacustomer.org";275;"2006-02-14 22:04:36"
271;271;1;"PENNY";"NEAL";"PENNY.NEAL@sakilacustomer.org";276;"2006-02-14 22:04:36"
272;272;1;"KAY";"CALDWELL";"KAY.CALDWELL@sakilacustomer.org";277;"2006-02-14 22:04:37"
273;273;2;"PRISCILLA";"LOWE";"PRISCILLA.LOWE@sakilacustomer.org";278;"2006-02-14 22:04:37"
274;274;1;"NAOMI";"JENNINGS";"NAOMI.JENNINGS@sakilacustomer.org";279;"2006-02-14 22:04:37"
275;275;2;"CAROLE";"BARNETT";"CAROLE.BARNETT@sakilacustomer.org";280;"2006-02-14 22:04:37"
276;276;1;"BRANDY";"GRAVES";"BRANDY.GRAVES@sakilacustomer.org";281;"2006-02-14 22:04:37"
277;277;2;"OLGA";"JIMENEZ";"OLGA.JIMENEZ@sakilacustomer.org";282;"2006-02-14 22:04:37"
278;278;2;"BILLIE";"HORTON";"BILLIE.HORTON@sakilacustomer.org";283;"2006-02-14 22:04:37"
279;279;2;"DIANNE";"SHELTON";"DIANNE.SHELTON@sakilacustomer.org";284;"2006-02-14 22:04:37"
280;280;2;"TRACEY";"BARRETT";"TRACEY.BARRETT@sakilacustomer.org";285;"2006-02-14 22:04:37"
281;281;2;"LEONA";"OBRIEN";"LEONA.OBRIEN@sakilacustomer.org";286;"2006-02-14 22:04:37"
282;282;2;"JENNY";"CASTRO";"JENNY.CASTRO@sakilacustomer.org";287;"2006-02-14 22:04:37"
283;283;1;"FELICIA";"SUTTON";"FELICIA.SUTTON@sakilacustomer.org";288;"2006-02-14 22:04:37"
284;284;1;"SONIA";"GREGORY";"SONIA.GREGORY@sakilacustomer.org";289;"2006-02-14 22:04:37"
285;285;1;"MIRIAM";"MCKINNEY";"MIRIAM.MCKINNEY@sakilacustomer.org";290;"2006-02-14 22:04:37"
286;286;1;"VELMA";"LUCAS";"VELMA.LUCAS@sakilacustomer.org";291;"2006-02-14 22:04:37"
287;287;2;"BECKY";"MILES";"BECKY.MILES@sakilacustomer.org";292;"2006-02-14 22:04:37"
288;288;1;"BOBBIE";"CRAIG";"BOBBIE.CRAIG@sakilacustomer.org";293;"2006-02-14 22:04:37"
289;289;1;"VIOLET";"RODRIQUEZ";"VIOLET.RODRIQUEZ@sakilacustomer.org";294;"2006-02-14 22:04:37"
290;290;1;"KRISTINA";"CHAMBERS";"KRISTINA.CHAMBERS@sakilacustomer.org";295;"2006-02-14 22:04:37"
291;291;1;"TONI";"HOLT";"TONI.HOLT@sakilacustomer.org";296;"2006-02-14 22:04:37"
292;292;2;"MISTY";"LAMBERT";"MISTY.LAMBERT@sakilacustomer.org";297;"2006-02-14 22:04:37"
293;293;2;"MAE";"FLETCHER";"MAE.FLETCHER@sakilacustomer.org";298;"2006-02-14 22:04:37"
294;294;2;"SHELLY";"WATTS";"SHELLY.WATTS@sakilacustomer.org";299;"2006-02-14 22:04:37"
295;295;1;"DAISY";"BATES";"DAISY.BATES@sakilacustomer.org";300;"2006-02-14 22:04:37"
296;296;2;"RAMONA";"HALE";"RAMONA.HALE@sakilacustomer.org";301;"2006-02-14 22:04:37"
297;297;1;"SHERRI";"RHODES";"SHERRI.RHODES@sakilacustomer.org";302;"2006-02-14 22:04:37"
298;298;1;"ERIKA";"PENA";"ERIKA.PENA@sakilacustomer.org";303;"2006-02-14 22:04:37"
299;299;2;"JAMES";"GANNON";"JAMES.GANNON@sakilacustomer.org";304;"2006-02-14 22:04:37"
300;300;1;"JOHN";"FARNSWORTH";"JOHN.FARNSWORTH@sakilacustomer.org";305;"2006-02-14 22:04:37"
301;301;2;"ROBERT";"BAUGHMAN";"ROBERT.BAUGHMAN@sakilacustomer.org";306;"2006-02-14 22:04:37"
302;302;1;"MICHAEL";"SILVERMAN";"MICHAEL.SILVERMAN@sakilacustomer.org";307;"2006-02-14 22:04:37"
303;303;2;"WILLIAM";"SATTERFIELD";"WILLIAM.SATTERFIELD@sakilacustomer.org";308;"2006-02-14 22:04:37"
304;304;2;"DAVID";"ROYAL";"DAVID.ROYAL@sakilacustomer.org";309;"2006-02-14 22:04:37"
305;305;1;"RICHARD";"MCCRARY";"RICHARD.MCCRARY@sakilacustomer.org";310;"2006-02-14 22:04:37"
306;306;1;"CHARLES";"KOWALSKI";"CHARLES.KOWALSKI@sakilacustomer.org";311;"2006-02-14 22:04:37"
307;307;2;"JOSEPH";"JOY";"JOSEPH.JOY@sakilacustomer.org";312;"2006-02-14 22:04:37"
308;308;1;"THOMAS";"GRIGSBY";"THOMAS.GRIGSBY@sakilacustomer.org";313;"2006-02-14 22:04:37"
309;309;1;"CHRISTOPHER";"GRECO";"CHRISTOPHER.GRECO@sakilacustomer.org";314;"2006-02-14 22:04:37"
310;310;2;"DANIEL";"CABRAL";"DANIEL.CABRAL@sakilacustomer.org";315;"2006-02-14 22:04:37"
311;311;2;"PAUL";"TROUT";"PAUL.TROUT@sakilacustomer.org";316;"2006-02-14 22:04:37"
312;312;2;"MARK";"RINEHART";"MARK.RINEHART@sakilacustomer.org";317;"2006-02-14 22:04:37"
313;313;2;"DONALD";"MAHON";"DONALD.MAHON@sakilacustomer.org";318;"2006-02-14 22:04:37"
314;314;1;"GEORGE";"LINTON";"GEORGE.LINTON@sakilacustomer.org";319;"2006-02-14 22:04:37"
315;315;2;"KENNETH";"GOODEN";"KENNETH.GOODEN@sakilacustomer.org";320;"2006-02-14 22:04:37"
316;316;1;"STEVEN";"CURLEY";"STEVEN.CURLEY@sakilacustomer.org";321;"2006-02-14 22:04:37"
317;317;2;"EDWARD";"BAUGH";"EDWARD.BAUGH@sakilacustomer.org";322;"2006-02-14 22:04:37"
318;318;1;"BRIAN";"WYMAN";"BRIAN.WYMAN@sakilacustomer.org";323;"2006-02-14 22:04:37"
319;319;2;"RONALD";"WEINER";"RONALD.WEINER@sakilacustomer.org";324;"2006-02-14 22:04:37"
320;320;2;"ANTHONY";"SCHWAB";"ANTHONY.SCHWAB@sakilacustomer.org";325;"2006-02-14 22:04:37"
321;321;1;"KEVIN";"SCHULER";"KEVIN.SCHULER@sakilacustomer.org";326;"2006-02-14 22:04:37"
322;322;1;"JASON";"MORRISSEY";"JASON.MORRISSEY@sakilacustomer.org";327;"2006-02-14 22:04:37"
323;323;2;"MATTHEW";"MAHAN";"MATTHEW.MAHAN@sakilacustomer.org";328;"2006-02-14 22:04:37"
324;324;2;"GARY";"COY";"GARY.COY@sakilacustomer.org";329;"2006-02-14 22:04:37"
325;325;1;"TIMOTHY";"BUNN";"TIMOTHY.BUNN@sakilacustomer.org";330;"2006-02-14 22:04:37"
326;326;1;"JOSE";"ANDREW";"JOSE.ANDREW@sakilacustomer.org";331;"2006-02-14 22:04:37"
327;327;2;"LARRY";"THRASHER";"LARRY.THRASHER@sakilacustomer.org";332;"2006-02-14 22:04:37"
328;328;2;"JEFFREY";"SPEAR";"JEFFREY.SPEAR@sakilacustomer.org";333;"2006-02-14 22:04:37"
329;329;2;"FRANK";"WAGGONER";"FRANK.WAGGONER@sakilacustomer.org";334;"2006-02-14 22:04:37"
330;330;1;"SCOTT";"SHELLEY";"SCOTT.SHELLEY@sakilacustomer.org";335;"2006-02-14 22:04:37"
331;331;1;"ERIC";"ROBERT";"ERIC.ROBERT@sakilacustomer.org";336;"2006-02-14 22:04:37"
332;332;1;"STEPHEN";"QUALLS";"STEPHEN.QUALLS@sakilacustomer.org";337;"2006-02-14 22:04:37"
333;333;2;"ANDREW";"PURDY";"ANDREW.PURDY@sakilacustomer.org";338;"2006-02-14 22:04:37"
334;334;2;"RAYMOND";"MCWHORTER";"RAYMOND.MCWHORTER@sakilacustomer.org";339;"2006-02-14 22:04:37"
335;335;1;"GREGORY";"MAULDIN";"GREGORY.MAULDIN@sakilacustomer.org";340;"2006-02-14 22:04:37"
336;336;1;"JOSHUA";"MARK";"JOSHUA.MARK@sakilacustomer.org";341;"2006-02-14 22:04:37"
337;337;1;"JERRY";"JORDON";"JERRY.JORDON@sakilacustomer.org";342;"2006-02-14 22:04:37"
338;338;1;"DENNIS";"GILMAN";"DENNIS.GILMAN@sakilacustomer.org";343;"2006-02-14 22:04:37"
339;339;2;"WALTER";"PERRYMAN";"WALTER.PERRYMAN@sakilacustomer.org";344;"2006-02-14 22:04:37"
340;340;1;"PATRICK";"NEWSOM";"PATRICK.NEWSOM@sakilacustomer.org";345;"2006-02-14 22:04:37"
341;341;1;"PETER";"MENARD";"PETER.MENARD@sakilacustomer.org";346;"2006-02-14 22:04:37"
342;342;1;"HAROLD";"MARTINO";"HAROLD.MARTINO@sakilacustomer.org";347;"2006-02-14 22:04:37"
343;343;1;"DOUGLAS";"GRAF";"DOUGLAS.GRAF@sakilacustomer.org";348;"2006-02-14 22:04:37"
344;344;1;"HENRY";"BILLINGSLEY";"HENRY.BILLINGSLEY@sakilacustomer.org";349;"2006-02-14 22:04:37"
345;345;1;"CARL";"ARTIS";"CARL.ARTIS@sakilacustomer.org";350;"2006-02-14 22:04:37"
346;346;1;"ARTHUR";"SIMPKINS";"ARTHUR.SIMPKINS@sakilacustomer.org";351;"2006-02-14 22:04:37"
347;347;2;"RYAN";"SALISBURY";"RYAN.SALISBURY@sakilacustomer.org";352;"2006-02-14 22:04:37"
348;348;2;"ROGER";"QUINTANILLA";"ROGER.QUINTANILLA@sakilacustomer.org";353;"2006-02-14 22:04:37"
349;349;2;"JOE";"GILLILAND";"JOE.GILLILAND@sakilacustomer.org";354;"2006-02-14 22:04:37"
350;350;1;"JUAN";"FRALEY";"JUAN.FRALEY@sakilacustomer.org";355;"2006-02-14 22:04:37"
351;351;1;"JACK";"FOUST";"JACK.FOUST@sakilacustomer.org";356;"2006-02-14 22:04:37"
352;352;1;"ALBERT";"CROUSE";"ALBERT.CROUSE@sakilacustomer.org";357;"2006-02-14 22:04:37"
353;353;1;"JONATHAN";"SCARBOROUGH";"JONATHAN.SCARBOROUGH@sakilacustomer.org";358;"2006-02-14 22:04:37"
354;354;2;"JUSTIN";"NGO";"JUSTIN.NGO@sakilacustomer.org";359;"2006-02-14 22:04:37"
355;355;2;"TERRY";"GRISSOM";"TERRY.GRISSOM@sakilacustomer.org";360;"2006-02-14 22:04:37"
356;356;2;"GERALD";"FULTZ";"GERALD.FULTZ@sakilacustomer.org";361;"2006-02-14 22:04:37"
357;357;1;"KEITH";"RICO";"KEITH.RICO@sakilacustomer.org";362;"2006-02-14 22:04:37"
358;358;2;"SAMUEL";"MARLOW";"SAMUEL.MARLOW@sakilacustomer.org";363;"2006-02-14 22:04:37"
359;359;2;"WILLIE";"MARKHAM";"WILLIE.MARKHAM@sakilacustomer.org";364;"2006-02-14 22:04:37"
360;360;2;"RALPH";"MADRIGAL";"RALPH.MADRIGAL@sakilacustomer.org";365;"2006-02-14 22:04:37"
361;361;2;"LAWRENCE";"LAWTON";"LAWRENCE.LAWTON@sakilacustomer.org";366;"2006-02-14 22:04:37"
362;362;1;"NICHOLAS";"BARFIELD";"NICHOLAS.BARFIELD@sakilacustomer.org";367;"2006-02-14 22:04:37"
363;363;2;"ROY";"WHITING";"ROY.WHITING@sakilacustomer.org";368;"2006-02-14 22:04:37"
364;364;1;"BENJAMIN";"VARNEY";"BENJAMIN.VARNEY@sakilacustomer.org";369;"2006-02-14 22:04:37"
365;365;2;"BRUCE";"SCHWARZ";"BRUCE.SCHWARZ@sakilacustomer.org";370;"2006-02-14 22:04:37"
366;366;1;"BRANDON";"HUEY";"BRANDON.HUEY@sakilacustomer.org";371;"2006-02-14 22:04:37"
367;367;1;"ADAM";"GOOCH";"ADAM.GOOCH@sakilacustomer.org";372;"2006-02-14 22:04:37"
368;368;1;"HARRY";"ARCE";"HARRY.ARCE@sakilacustomer.org";373;"2006-02-14 22:04:37"
369;369;2;"FRED";"WHEAT";"FRED.WHEAT@sakilacustomer.org";374;"2006-02-14 22:04:37"
370;370;2;"WAYNE";"TRUONG";"WAYNE.TRUONG@sakilacustomer.org";375;"2006-02-14 22:04:37"
371;371;1;"BILLY";"POULIN";"BILLY.POULIN@sakilacustomer.org";376;"2006-02-14 22:04:37"
372;372;2;"STEVE";"MACKENZIE";"STEVE.MACKENZIE@sakilacustomer.org";377;"2006-02-14 22:04:37"
373;373;1;"LOUIS";"LEONE";"LOUIS.LEONE@sakilacustomer.org";378;"2006-02-14 22:04:37"
374;374;2;"JEREMY";"HURTADO";"JEREMY.HURTADO@sakilacustomer.org";379;"2006-02-14 22:04:37"
375;375;2;"AARON";"SELBY";"AARON.SELBY@sakilacustomer.org";380;"2006-02-14 22:04:37"
376;376;1;"RANDY";"GAITHER";"RANDY.GAITHER@sakilacustomer.org";381;"2006-02-14 22:04:37"
377;377;1;"HOWARD";"FORTNER";"HOWARD.FORTNER@sakilacustomer.org";382;"2006-02-14 22:04:37"
378;378;1;"EUGENE";"CULPEPPER";"EUGENE.CULPEPPER@sakilacustomer.org";383;"2006-02-14 22:04:37"
379;379;1;"CARLOS";"COUGHLIN";"CARLOS.COUGHLIN@sakilacustomer.org";384;"2006-02-14 22:04:37"
380;380;1;"RUSSELL";"BRINSON";"RUSSELL.BRINSON@sakilacustomer.org";385;"2006-02-14 22:04:37"
381;381;2;"BOBBY";"BOUDREAU";"BOBBY.BOUDREAU@sakilacustomer.org";386;"2006-02-14 22:04:37"
382;382;2;"VICTOR";"BARKLEY";"VICTOR.BARKLEY@sakilacustomer.org";387;"2006-02-14 22:04:37"
383;383;1;"MARTIN";"BALES";"MARTIN.BALES@sakilacustomer.org";388;"2006-02-14 22:04:37"
384;384;2;"ERNEST";"STEPP";"ERNEST.STEPP@sakilacustomer.org";389;"2006-02-14 22:04:37"
385;385;1;"PHILLIP";"HOLM";"PHILLIP.HOLM@sakilacustomer.org";390;"2006-02-14 22:04:37"
386;386;1;"TODD";"TAN";"TODD.TAN@sakilacustomer.org";391;"2006-02-14 22:04:37"
387;387;2;"JESSE";"SCHILLING";"JESSE.SCHILLING@sakilacustomer.org";392;"2006-02-14 22:04:37"
388;388;2;"CRAIG";"MORRELL";"CRAIG.MORRELL@sakilacustomer.org";393;"2006-02-14 22:04:37"
389;389;1;"ALAN";"KAHN";"ALAN.KAHN@sakilacustomer.org";394;"2006-02-14 22:04:37"
390;390;1;"SHAWN";"HEATON";"SHAWN.HEATON@sakilacustomer.org";395;"2006-02-14 22:04:37"
391;391;1;"CLARENCE";"GAMEZ";"CLARENCE.GAMEZ@sakilacustomer.org";396;"2006-02-14 22:04:37"
392;392;2;"SEAN";"DOUGLASS";"SEAN.DOUGLASS@sakilacustomer.org";397;"2006-02-14 22:04:37"
393;393;1;"PHILIP";"CAUSEY";"PHILIP.CAUSEY@sakilacustomer.org";398;"2006-02-14 22:04:37"
394;394;2;"CHRIS";"BROTHERS";"CHRIS.BROTHERS@sakilacustomer.org";399;"2006-02-14 22:04:37"
395;395;2;"JOHNNY";"TURPIN";"JOHNNY.TURPIN@sakilacustomer.org";400;"2006-02-14 22:04:37"
396;396;1;"EARL";"SHANKS";"EARL.SHANKS@sakilacustomer.org";401;"2006-02-14 22:04:37"
397;397;1;"JIMMY";"SCHRADER";"JIMMY.SCHRADER@sakilacustomer.org";402;"2006-02-14 22:04:37"
398;398;1;"ANTONIO";"MEEK";"ANTONIO.MEEK@sakilacustomer.org";403;"2006-02-14 22:04:37"
399;399;1;"DANNY";"ISOM";"DANNY.ISOM@sakilacustomer.org";404;"2006-02-14 22:04:37"
400;400;2;"BRYAN";"HARDISON";"BRYAN.HARDISON@sakilacustomer.org";405;"2006-02-14 22:04:37"
401;401;2;"TONY";"CARRANZA";"TONY.CARRANZA@sakilacustomer.org";406;"2006-02-14 22:04:37"
402;402;1;"LUIS";"YANEZ";"LUIS.YANEZ@sakilacustomer.org";407;"2006-02-14 22:04:37"
403;403;1;"MIKE";"WAY";"MIKE.WAY@sakilacustomer.org";408;"2006-02-14 22:04:37"
404;404;2;"STANLEY";"SCROGGINS";"STANLEY.SCROGGINS@sakilacustomer.org";409;"2006-02-14 22:04:37"
405;405;1;"LEONARD";"SCHOFIELD";"LEONARD.SCHOFIELD@sakilacustomer.org";410;"2006-02-14 22:04:37"
406;406;1;"NATHAN";"RUNYON";"NATHAN.RUNYON@sakilacustomer.org";411;"2006-02-14 22:04:37"
407;407;1;"DALE";"RATCLIFF";"DALE.RATCLIFF@sakilacustomer.org";412;"2006-02-14 22:04:37"
408;408;1;"MANUEL";"MURRELL";"MANUEL.MURRELL@sakilacustomer.org";413;"2006-02-14 22:04:37"
409;409;2;"RODNEY";"MOELLER";"RODNEY.MOELLER@sakilacustomer.org";414;"2006-02-14 22:04:37"
410;410;2;"CURTIS";"IRBY";"CURTIS.IRBY@sakilacustomer.org";415;"2006-02-14 22:04:37"
411;411;1;"NORMAN";"CURRIER";"NORMAN.CURRIER@sakilacustomer.org";416;"2006-02-14 22:04:37"
412;412;2;"ALLEN";"BUTTERFIELD";"ALLEN.BUTTERFIELD@sakilacustomer.org";417;"2006-02-14 22:04:37"
413;413;2;"MARVIN";"YEE";"MARVIN.YEE@sakilacustomer.org";418;"2006-02-14 22:04:37"
414;414;1;"VINCENT";"RALSTON";"VINCENT.RALSTON@sakilacustomer.org";419;"2006-02-14 22:04:37"
415;415;1;"GLENN";"PULLEN";"GLENN.PULLEN@sakilacustomer.org";420;"2006-02-14 22:04:37"
416;416;2;"JEFFERY";"PINSON";"JEFFERY.PINSON@sakilacustomer.org";421;"2006-02-14 22:04:37"
417;417;1;"TRAVIS";"ESTEP";"TRAVIS.ESTEP@sakilacustomer.org";422;"2006-02-14 22:04:37"
418;418;2;"JEFF";"EAST";"JEFF.EAST@sakilacustomer.org";423;"2006-02-14 22:04:37"
419;419;1;"CHAD";"CARBONE";"CHAD.CARBONE@sakilacustomer.org";424;"2006-02-14 22:04:37"
420;420;1;"JACOB";"LANCE";"JACOB.LANCE@sakilacustomer.org";425;"2006-02-14 22:04:37"
421;421;1;"LEE";"HAWKS";"LEE.HAWKS@sakilacustomer.org";426;"2006-02-14 22:04:37"
422;422;1;"MELVIN";"ELLINGTON";"MELVIN.ELLINGTON@sakilacustomer.org";427;"2006-02-14 22:04:37"
423;423;2;"ALFRED";"CASILLAS";"ALFRED.CASILLAS@sakilacustomer.org";428;"2006-02-14 22:04:37"
424;424;2;"KYLE";"SPURLOCK";"KYLE.SPURLOCK@sakilacustomer.org";429;"2006-02-14 22:04:37"
425;425;2;"FRANCIS";"SIKES";"FRANCIS.SIKES@sakilacustomer.org";430;"2006-02-14 22:04:37"
426;426;1;"BRADLEY";"MOTLEY";"BRADLEY.MOTLEY@sakilacustomer.org";431;"2006-02-14 22:04:37"
427;427;2;"JESUS";"MCCARTNEY";"JESUS.MCCARTNEY@sakilacustomer.org";432;"2006-02-14 22:04:37"
428;428;2;"HERBERT";"KRUGER";"HERBERT.KRUGER@sakilacustomer.org";433;"2006-02-14 22:04:37"
429;429;2;"FREDERICK";"ISBELL";"FREDERICK.ISBELL@sakilacustomer.org";434;"2006-02-14 22:04:37"
430;430;1;"RAY";"HOULE";"RAY.HOULE@sakilacustomer.org";435;"2006-02-14 22:04:37"
431;431;2;"JOEL";"FRANCISCO";"JOEL.FRANCISCO@sakilacustomer.org";436;"2006-02-14 22:04:37"
432;432;1;"EDWIN";"BURK";"EDWIN.BURK@sakilacustomer.org";437;"2006-02-14 22:04:37"
433;433;1;"DON";"BONE";"DON.BONE@sakilacustomer.org";438;"2006-02-14 22:04:37"
434;434;1;"EDDIE";"TOMLIN";"EDDIE.TOMLIN@sakilacustomer.org";439;"2006-02-14 22:04:37"
435;435;2;"RICKY";"SHELBY";"RICKY.SHELBY@sakilacustomer.org";440;"2006-02-14 22:04:37"
436;436;1;"TROY";"QUIGLEY";"TROY.QUIGLEY@sakilacustomer.org";441;"2006-02-14 22:04:37"
437;437;2;"RANDALL";"NEUMANN";"RANDALL.NEUMANN@sakilacustomer.org";442;"2006-02-14 22:04:37"
438;438;1;"BARRY";"LOVELACE";"BARRY.LOVELACE@sakilacustomer.org";443;"2006-02-14 22:04:37"
439;439;2;"ALEXANDER";"FENNELL";"ALEXANDER.FENNELL@sakilacustomer.org";444;"2006-02-14 22:04:37"
440;440;1;"BERNARD";"COLBY";"BERNARD.COLBY@sakilacustomer.org";445;"2006-02-14 22:04:37"
441;441;1;"MARIO";"CHEATHAM";"MARIO.CHEATHAM@sakilacustomer.org";446;"2006-02-14 22:04:37"
442;442;1;"LEROY";"BUSTAMANTE";"LEROY.BUSTAMANTE@sakilacustomer.org";447;"2006-02-14 22:04:37"
443;443;2;"FRANCISCO";"SKIDMORE";"FRANCISCO.SKIDMORE@sakilacustomer.org";448;"2006-02-14 22:04:37"
444;444;2;"MARCUS";"HIDALGO";"MARCUS.HIDALGO@sakilacustomer.org";449;"2006-02-14 22:04:37"
445;445;1;"MICHEAL";"FORMAN";"MICHEAL.FORMAN@sakilacustomer.org";450;"2006-02-14 22:04:37"
446;446;2;"THEODORE";"CULP";"THEODORE.CULP@sakilacustomer.org";451;"2006-02-14 22:04:37"
447;447;1;"CLIFFORD";"BOWENS";"CLIFFORD.BOWENS@sakilacustomer.org";452;"2006-02-14 22:04:37"
448;448;1;"MIGUEL";"BETANCOURT";"MIGUEL.BETANCOURT@sakilacustomer.org";453;"2006-02-14 22:04:37"
449;449;2;"OSCAR";"AQUINO";"OSCAR.AQUINO@sakilacustomer.org";454;"2006-02-14 22:04:37"
450;450;1;"JAY";"ROBB";"JAY.ROBB@sakilacustomer.org";455;"2006-02-14 22:04:37"
451;451;1;"JIM";"REA";"JIM.REA@sakilacustomer.org";456;"2006-02-14 22:04:37"
452;452;1;"TOM";"MILNER";"TOM.MILNER@sakilacustomer.org";457;"2006-02-14 22:04:37"
453;453;1;"CALVIN";"MARTEL";"CALVIN.MARTEL@sakilacustomer.org";458;"2006-02-14 22:04:37"
454;454;2;"ALEX";"GRESHAM";"ALEX.GRESHAM@sakilacustomer.org";459;"2006-02-14 22:04:37"
455;455;2;"JON";"WILES";"JON.WILES@sakilacustomer.org";460;"2006-02-14 22:04:37"
456;456;2;"RONNIE";"RICKETTS";"RONNIE.RICKETTS@sakilacustomer.org";461;"2006-02-14 22:04:37"
457;457;2;"BILL";"GAVIN";"BILL.GAVIN@sakilacustomer.org";462;"2006-02-14 22:04:37"
458;458;1;"LLOYD";"DOWD";"LLOYD.DOWD@sakilacustomer.org";463;"2006-02-14 22:04:37"
459;459;1;"TOMMY";"COLLAZO";"TOMMY.COLLAZO@sakilacustomer.org";464;"2006-02-14 22:04:37"
460;460;1;"LEON";"BOSTIC";"LEON.BOSTIC@sakilacustomer.org";465;"2006-02-14 22:04:37"
461;461;1;"DEREK";"BLAKELY";"DEREK.BLAKELY@sakilacustomer.org";466;"2006-02-14 22:04:37"
462;462;2;"WARREN";"SHERROD";"WARREN.SHERROD@sakilacustomer.org";467;"2006-02-14 22:04:37"
463;463;2;"DARRELL";"POWER";"DARRELL.POWER@sakilacustomer.org";468;"2006-02-14 22:04:37"
464;464;1;"JEROME";"KENYON";"JEROME.KENYON@sakilacustomer.org";469;"2006-02-14 22:04:37"
465;465;1;"FLOYD";"GANDY";"FLOYD.GANDY@sakilacustomer.org";470;"2006-02-14 22:04:37"
466;466;1;"LEO";"EBERT";"LEO.EBERT@sakilacustomer.org";471;"2006-02-14 22:04:37"
467;467;2;"ALVIN";"DELOACH";"ALVIN.DELOACH@sakilacustomer.org";472;"2006-02-14 22:04:37"
468;468;1;"TIM";"CARY";"TIM.CARY@sakilacustomer.org";473;"2006-02-14 22:04:37"
469;469;2;"WESLEY";"BULL";"WESLEY.BULL@sakilacustomer.org";474;"2006-02-14 22:04:37"
470;470;1;"GORDON";"ALLARD";"GORDON.ALLARD@sakilacustomer.org";475;"2006-02-14 22:04:37"
471;471;1;"DEAN";"SAUER";"DEAN.SAUER@sakilacustomer.org";476;"2006-02-14 22:04:37"
472;472;1;"GREG";"ROBINS";"GREG.ROBINS@sakilacustomer.org";477;"2006-02-14 22:04:37"
473;473;2;"JORGE";"OLIVARES";"JORGE.OLIVARES@sakilacustomer.org";478;"2006-02-14 22:04:37"
474;474;2;"DUSTIN";"GILLETTE";"DUSTIN.GILLETTE@sakilacustomer.org";479;"2006-02-14 22:04:37"
475;475;2;"PEDRO";"CHESTNUT";"PEDRO.CHESTNUT@sakilacustomer.org";480;"2006-02-14 22:04:37"
476;476;1;"DERRICK";"BOURQUE";"DERRICK.BOURQUE@sakilacustomer.org";481;"2006-02-14 22:04:37"
477;477;1;"DAN";"PAINE";"DAN.PAINE@sakilacustomer.org";482;"2006-02-14 22:04:37"
478;478;1;"LEWIS";"LYMAN";"LEWIS.LYMAN@sakilacustomer.org";483;"2006-02-14 22:04:37"
479;479;1;"ZACHARY";"HITE";"ZACHARY.HITE@sakilacustomer.org";484;"2006-02-14 22:04:37"
480;480;1;"COREY";"HAUSER";"COREY.HAUSER@sakilacustomer.org";485;"2006-02-14 22:04:37"
481;481;1;"HERMAN";"DEVORE";"HERMAN.DEVORE@sakilacustomer.org";486;"2006-02-14 22:04:37"
482;482;1;"MAURICE";"CRAWLEY";"MAURICE.CRAWLEY@sakilacustomer.org";487;"2006-02-14 22:04:37"
483;483;2;"VERNON";"CHAPA";"VERNON.CHAPA@sakilacustomer.org";488;"2006-02-14 22:04:37"
484;484;1;"ROBERTO";"VU";"ROBERTO.VU@sakilacustomer.org";489;"2006-02-14 22:04:37"
485;485;1;"CLYDE";"TOBIAS";"CLYDE.TOBIAS@sakilacustomer.org";490;"2006-02-14 22:04:37"
486;486;1;"GLEN";"TALBERT";"GLEN.TALBERT@sakilacustomer.org";491;"2006-02-14 22:04:37"
487;487;2;"HECTOR";"POINDEXTER";"HECTOR.POINDEXTER@sakilacustomer.org";492;"2006-02-14 22:04:37"
488;488;2;"SHANE";"MILLARD";"SHANE.MILLARD@sakilacustomer.org";493;"2006-02-14 22:04:37"
489;489;1;"RICARDO";"MEADOR";"RICARDO.MEADOR@sakilacustomer.org";494;"2006-02-14 22:04:37"
490;490;1;"SAM";"MCDUFFIE";"SAM.MCDUFFIE@sakilacustomer.org";495;"2006-02-14 22:04:37"
491;491;2;"RICK";"MATTOX";"RICK.MATTOX@sakilacustomer.org";496;"2006-02-14 22:04:37"
492;492;2;"LESTER";"KRAUS";"LESTER.KRAUS@sakilacustomer.org";497;"2006-02-14 22:04:37"
493;493;1;"BRENT";"HARKINS";"BRENT.HARKINS@sakilacustomer.org";498;"2006-02-14 22:04:37"
494;494;2;"RAMON";"CHOATE";"RAMON.CHOATE@sakilacustomer.org";499;"2006-02-14 22:04:37"
495;495;2;"CHARLIE";"BESS";"CHARLIE.BESS@sakilacustomer.org";500;"2006-02-14 22:04:37"
496;496;2;"TYLER";"WREN";"TYLER.WREN@sakilacustomer.org";501;"2006-02-14 22:04:37"
497;497;2;"GILBERT";"SLEDGE";"GILBERT.SLEDGE@sakilacustomer.org";502;"2006-02-14 22:04:37"
498;498;1;"GENE";"SANBORN";"GENE.SANBORN@sakilacustomer.org";503;"2006-02-14 22:04:37"
499;499;2;"MARC";"OUTLAW";"MARC.OUTLAW@sakilacustomer.org";504;"2006-02-14 22:04:37"
500;500;1;"REGINALD";"KINDER";"REGINALD.KINDER@sakilacustomer.org";505;"2006-02-14 22:04:37"
501;501;1;"RUBEN";"GEARY";"RUBEN.GEARY@sakilacustomer.org";506;"2006-02-14 22:04:37"
502;502;1;"BRETT";"CORNWELL";"BRETT.CORNWELL@sakilacustomer.org";507;"2006-02-14 22:04:37"
503;503;1;"ANGEL";"BARCLAY";"ANGEL.BARCLAY@sakilacustomer.org";508;"2006-02-14 22:04:37"
504;504;1;"NATHANIEL";"ADAM";"NATHANIEL.ADAM@sakilacustomer.org";509;"2006-02-14 22:04:37"
505;505;1;"RAFAEL";"ABNEY";"RAFAEL.ABNEY@sakilacustomer.org";510;"2006-02-14 22:04:37"
506;506;2;"LESLIE";"SEWARD";"LESLIE.SEWARD@sakilacustomer.org";511;"2006-02-14 22:04:37"
507;507;2;"EDGAR";"RHOADS";"EDGAR.RHOADS@sakilacustomer.org";512;"2006-02-14 22:04:37"
508;508;2;"MILTON";"HOWLAND";"MILTON.HOWLAND@sakilacustomer.org";513;"2006-02-14 22:04:37"
509;509;1;"RAUL";"FORTIER";"RAUL.FORTIER@sakilacustomer.org";514;"2006-02-14 22:04:37"
510;510;2;"BEN";"EASTER";"BEN.EASTER@sakilacustomer.org";515;"2006-02-14 22:04:37"
511;511;1;"CHESTER";"BENNER";"CHESTER.BENNER@sakilacustomer.org";516;"2006-02-14 22:04:37"
512;512;1;"CECIL";"VINES";"CECIL.VINES@sakilacustomer.org";517;"2006-02-14 22:04:37"
513;513;2;"DUANE";"TUBBS";"DUANE.TUBBS@sakilacustomer.org";519;"2006-02-14 22:04:37"
514;514;2;"FRANKLIN";"TROUTMAN";"FRANKLIN.TROUTMAN@sakilacustomer.org";520;"2006-02-14 22:04:37"
515;515;1;"ANDRE";"RAPP";"ANDRE.RAPP@sakilacustomer.org";521;"2006-02-14 22:04:37"
516;516;2;"ELMER";"NOE";"ELMER.NOE@sakilacustomer.org";522;"2006-02-14 22:04:37"
517;517;2;"BRAD";"MCCURDY";"BRAD.MCCURDY@sakilacustomer.org";523;"2006-02-14 22:04:37"
518;518;1;"GABRIEL";"HARDER";"GABRIEL.HARDER@sakilacustomer.org";524;"2006-02-14 22:04:37"
519;519;2;"RON";"DELUCA";"RON.DELUCA@sakilacustomer.org";525;"2006-02-14 22:04:37"
520;520;2;"MITCHELL";"WESTMORELAND";"MITCHELL.WESTMORELAND@sakilacustomer.org";526;"2006-02-14 22:04:37"
521;521;2;"ROLAND";"SOUTH";"ROLAND.SOUTH@sakilacustomer.org";527;"2006-02-14 22:04:37"
522;522;2;"ARNOLD";"HAVENS";"ARNOLD.HAVENS@sakilacustomer.org";528;"2006-02-14 22:04:37"
523;523;1;"HARVEY";"GUAJARDO";"HARVEY.GUAJARDO@sakilacustomer.org";529;"2006-02-14 22:04:37"
524;524;1;"JARED";"ELY";"JARED.ELY@sakilacustomer.org";530;"2006-02-14 22:04:37"
525;525;2;"ADRIAN";"CLARY";"ADRIAN.CLARY@sakilacustomer.org";531;"2006-02-14 22:04:37"
526;526;2;"KARL";"SEAL";"KARL.SEAL@sakilacustomer.org";532;"2006-02-14 22:04:37"
527;527;1;"CORY";"MEEHAN";"CORY.MEEHAN@sakilacustomer.org";533;"2006-02-14 22:04:37"
528;528;1;"CLAUDE";"HERZOG";"CLAUDE.HERZOG@sakilacustomer.org";534;"2006-02-14 22:04:37"
529;529;2;"ERIK";"GUILLEN";"ERIK.GUILLEN@sakilacustomer.org";535;"2006-02-14 22:04:37"
530;530;2;"DARRYL";"ASHCRAFT";"DARRYL.ASHCRAFT@sakilacustomer.org";536;"2006-02-14 22:04:37"
531;531;2;"JAMIE";"WAUGH";"JAMIE.WAUGH@sakilacustomer.org";537;"2006-02-14 22:04:37"
532;532;2;"NEIL";"RENNER";"NEIL.RENNER@sakilacustomer.org";538;"2006-02-14 22:04:37"
533;533;1;"JESSIE";"MILAM";"JESSIE.MILAM@sakilacustomer.org";539;"2006-02-14 22:04:37"
534;534;1;"CHRISTIAN";"JUNG";"CHRISTIAN.JUNG@sakilacustomer.org";540;"2006-02-14 22:04:37"
535;535;1;"JAVIER";"ELROD";"JAVIER.ELROD@sakilacustomer.org";541;"2006-02-14 22:04:37"
536;536;2;"FERNANDO";"CHURCHILL";"FERNANDO.CHURCHILL@sakilacustomer.org";542;"2006-02-14 22:04:37"
537;537;2;"CLINTON";"BUFORD";"CLINTON.BUFORD@sakilacustomer.org";543;"2006-02-14 22:04:37"
538;538;2;"TED";"BREAUX";"TED.BREAUX@sakilacustomer.org";544;"2006-02-14 22:04:37"
539;539;1;"MATHEW";"BOLIN";"MATHEW.BOLIN@sakilacustomer.org";545;"2006-02-14 22:04:37"
540;540;1;"TYRONE";"ASHER";"TYRONE.ASHER@sakilacustomer.org";546;"2006-02-14 22:04:37"
541;541;2;"DARREN";"WINDHAM";"DARREN.WINDHAM@sakilacustomer.org";547;"2006-02-14 22:04:37"
542;542;2;"LONNIE";"TIRADO";"LONNIE.TIRADO@sakilacustomer.org";548;"2006-02-14 22:04:37"
543;543;1;"LANCE";"PEMBERTON";"LANCE.PEMBERTON@sakilacustomer.org";549;"2006-02-14 22:04:37"
544;544;2;"CODY";"NOLEN";"CODY.NOLEN@sakilacustomer.org";550;"2006-02-14 22:04:37"
545;545;2;"JULIO";"NOLAND";"JULIO.NOLAND@sakilacustomer.org";551;"2006-02-14 22:04:37"
546;546;1;"KELLY";"KNOTT";"KELLY.KNOTT@sakilacustomer.org";552;"2006-02-14 22:04:37"
547;547;1;"KURT";"EMMONS";"KURT.EMMONS@sakilacustomer.org";553;"2006-02-14 22:04:37"
548;548;1;"ALLAN";"CORNISH";"ALLAN.CORNISH@sakilacustomer.org";554;"2006-02-14 22:04:37"
549;549;1;"NELSON";"CHRISTENSON";"NELSON.CHRISTENSON@sakilacustomer.org";555;"2006-02-14 22:04:37"
550;550;2;"GUY";"BROWNLEE";"GUY.BROWNLEE@sakilacustomer.org";556;"2006-02-14 22:04:37"
551;551;2;"CLAYTON";"BARBEE";"CLAYTON.BARBEE@sakilacustomer.org";557;"2006-02-14 22:04:37"
552;552;2;"HUGH";"WALDROP";"HUGH.WALDROP@sakilacustomer.org";558;"2006-02-14 22:04:37"
553;553;1;"MAX";"PITT";"MAX.PITT@sakilacustomer.org";559;"2006-02-14 22:04:37"
554;554;1;"DWAYNE";"OLVERA";"DWAYNE.OLVERA@sakilacustomer.org";560;"2006-02-14 22:04:37"
555;555;1;"DWIGHT";"LOMBARDI";"DWIGHT.LOMBARDI@sakilacustomer.org";561;"2006-02-14 22:04:37"
556;556;2;"ARMANDO";"GRUBER";"ARMANDO.GRUBER@sakilacustomer.org";562;"2006-02-14 22:04:37"
557;557;1;"FELIX";"GAFFNEY";"FELIX.GAFFNEY@sakilacustomer.org";563;"2006-02-14 22:04:37"
558;558;1;"JIMMIE";"EGGLESTON";"JIMMIE.EGGLESTON@sakilacustomer.org";564;"2006-02-14 22:04:37"
559;559;2;"EVERETT";"BANDA";"EVERETT.BANDA@sakilacustomer.org";565;"2006-02-14 22:04:37"
560;560;1;"JORDAN";"ARCHULETA";"JORDAN.ARCHULETA@sakilacustomer.org";566;"2006-02-14 22:04:37"
561;561;2;"IAN";"STILL";"IAN.STILL@sakilacustomer.org";567;"2006-02-14 22:04:37"
562;562;1;"WALLACE";"SLONE";"WALLACE.SLONE@sakilacustomer.org";568;"2006-02-14 22:04:37"
563;563;2;"KEN";"PREWITT";"KEN.PREWITT@sakilacustomer.org";569;"2006-02-14 22:04:37"
564;564;2;"BOB";"PFEIFFER";"BOB.PFEIFFER@sakilacustomer.org";570;"2006-02-14 22:04:37"
565;565;2;"JAIME";"NETTLES";"JAIME.NETTLES@sakilacustomer.org";571;"2006-02-14 22:04:37"
566;566;1;"CASEY";"MENA";"CASEY.MENA@sakilacustomer.org";572;"2006-02-14 22:04:37"
567;567;2;"ALFREDO";"MCADAMS";"ALFREDO.MCADAMS@sakilacustomer.org";573;"2006-02-14 22:04:37"
568;568;2;"ALBERTO";"HENNING";"ALBERTO.HENNING@sakilacustomer.org";574;"2006-02-14 22:04:37"
569;569;2;"DAVE";"GARDINER";"DAVE.GARDINER@sakilacustomer.org";575;"2006-02-14 22:04:37"
570;570;2;"IVAN";"CROMWELL";"IVAN.CROMWELL@sakilacustomer.org";576;"2006-02-14 22:04:37"
571;571;2;"JOHNNIE";"CHISHOLM";"JOHNNIE.CHISHOLM@sakilacustomer.org";577;"2006-02-14 22:04:37"
572;572;1;"SIDNEY";"BURLESON";"SIDNEY.BURLESON@sakilacustomer.org";578;"2006-02-14 22:04:37"
573;573;1;"BYRON";"BOX";"BYRON.BOX@sakilacustomer.org";579;"2006-02-14 22:04:37"
574;574;2;"JULIAN";"VEST";"JULIAN.VEST@sakilacustomer.org";580;"2006-02-14 22:04:37"
575;575;2;"ISAAC";"OGLESBY";"ISAAC.OGLESBY@sakilacustomer.org";581;"2006-02-14 22:04:37"
576;576;2;"MORRIS";"MCCARTER";"MORRIS.MCCARTER@sakilacustomer.org";582;"2006-02-14 22:04:37"
577;577;2;"CLIFTON";"MALCOLM";"CLIFTON.MALCOLM@sakilacustomer.org";583;"2006-02-14 22:04:37"
578;578;2;"WILLARD";"LUMPKIN";"WILLARD.LUMPKIN@sakilacustomer.org";584;"2006-02-14 22:04:37"
579;579;2;"DARYL";"LARUE";"DARYL.LARUE@sakilacustomer.org";585;"2006-02-14 22:04:37"
580;580;1;"ROSS";"GREY";"ROSS.GREY@sakilacustomer.org";586;"2006-02-14 22:04:37"
581;581;1;"VIRGIL";"WOFFORD";"VIRGIL.WOFFORD@sakilacustomer.org";587;"2006-02-14 22:04:37"
582;582;2;"ANDY";"VANHORN";"ANDY.VANHORN@sakilacustomer.org";588;"2006-02-14 22:04:37"
583;583;1;"MARSHALL";"THORN";"MARSHALL.THORN@sakilacustomer.org";589;"2006-02-14 22:04:37"
584;584;2;"SALVADOR";"TEEL";"SALVADOR.TEEL@sakilacustomer.org";590;"2006-02-14 22:04:37"
585;585;1;"PERRY";"SWAFFORD";"PERRY.SWAFFORD@sakilacustomer.org";591;"2006-02-14 22:04:37"
586;586;1;"KIRK";"STCLAIR";"KIRK.STCLAIR@sakilacustomer.org";592;"2006-02-14 22:04:37"
587;587;1;"SERGIO";"STANFIELD";"SERGIO.STANFIELD@sakilacustomer.org";593;"2006-02-14 22:04:37"
588;588;1;"MARION";"OCAMPO";"MARION.OCAMPO@sakilacustomer.org";594;"2006-02-14 22:04:37"
589;589;1;"TRACY";"HERRMANN";"TRACY.HERRMANN@sakilacustomer.org";595;"2006-02-14 22:04:37"
590;590;2;"SETH";"HANNON";"SETH.HANNON@sakilacustomer.org";596;"2006-02-14 22:04:37"
591;591;1;"KENT";"ARSENAULT";"KENT.ARSENAULT@sakilacustomer.org";597;"2006-02-14 22:04:37"
592;592;1;"TERRANCE";"ROUSH";"TERRANCE.ROUSH@sakilacustomer.org";598;"2006-02-14 22:04:37"
593;593;2;"RENE";"MCALISTER";"RENE.MCALISTER@sakilacustomer.org";599;"2006-02-14 22:04:37"
594;594;1;"EDUARDO";"HIATT";"EDUARDO.HIATT@sakilacustomer.org";600;"2006-02-14 22:04:37"
595;595;1;"TERRENCE";"GUNDERSON";"TERRENCE.GUNDERSON@sakilacustomer.org";601;"2006-02-14 22:04:37"
596;596;1;"ENRIQUE";"FORSYTHE";"ENRIQUE.FORSYTHE@sakilacustomer.org";602;"2006-02-14 22:04:37"
597;597;1;"FREDDIE";"DUGGAN";"FREDDIE.DUGGAN@sakilacustomer.org";603;"2006-02-14 22:04:37"
598;598;1;"WADE";"DELVALLE";"WADE.DELVALLE@sakilacustomer.org";604;"2006-02-14 22:04:37"
599;599;2;"AUSTIN";"CINTRON";"AUSTIN.CINTRON@sakilacustomer.org";605;"2006-02-14 22:04:37"
